{"BasicSettingController":{"Data":{"ProgramToRun":"D:\\structuri de date si algoritmi\\lab_03\\Multime\\x64\\Debug\\Multime.exe","OptionalWorkingDirectory":"D:\\structuri de date si algoritmi\\lab_03\\Multime\\","Arguments":"","CompileBeforeRunning":true,"OptimizedBuild":false},"IsSelectedByProjectPath":{"Multime.vcxproj":true}},"FilterSettingController":{"AdditionalSourcePatterns":[],"AdditionalModulePatterns":[],"ExcludedSourcePatterns":[],"ExcludedModulePatterns":[],"UnifiedDiffs":[]},"ImportExportSettingController":{"Exports":[],"InputCoverages":[],"CoverChildrenProcesses":false,"AggregateByFile":true},"MiscellaneousSettingController":{"OptionalConfigFile":null,"LogTypeValue":0,"ContinueAfterCppExceptions":false}}